model_id,term,coefficient,clustered_se,ci_lower,ci_upper,p_value,observations,clusters,r_squared,weight_status,fixed_effects
UZBROAD_M0,Intercept,0.7365736573657379,0.029792196150315878,0.6781820258907659,0.7949652888407098,0.0,47135,2000,0.002433481261831516,unweighted; popw not used,none
UZBROAD_M0,uzb_any_remittance,-0.17615830179619593,0.053335403255877205,-0.2806937712786356,-0.07162283231375627,0.0009571099076466361,47135,2000,0.002433481261831516,unweighted; popw not used,none
UZBROAD_M0,uzb_any_verified_shock,0.5808324859789723,0.0958901464345707,0.39289125249494183,0.7687737194630028,1.3845129487322083e-09,47135,2000,0.002433481261831516,unweighted; popw not used,none
UZBROAD_M0,rem_x_shock,-0.45077165107232353,0.2524523213088273,-0.9455691086511586,0.044025806506511556,0.07416867705292329,47135,2000,0.002433481261831516,unweighted; popw not used,none
UZBROAD_M1,Intercept,0.4863171069192152,0.040209848246121865,0.4075072525329953,0.5651269613054352,0.0,47135,2000,0.006166939311548658,unweighted; popw not used,none
UZBROAD_M1,uzb_any_remittance,-0.13525872064300326,0.05231547052061136,-0.23779515869766843,-0.03272228258833808,0.00972536628075571,47135,2000,0.006166939311548658,unweighted; popw not used,none
UZBROAD_M1,uzb_any_verified_shock,0.5788934527383832,0.09569262879935037,0.39133934670569615,0.7664475587710703,1.4528764857857368e-09,47135,2000,0.006166939311548658,unweighted; popw not used,none
UZBROAD_M1,rem_x_shock,-0.4742610614010327,0.2533656290135965,-0.9708485691880184,0.02232644638595299,0.06122811852507537,47135,2000,0.006166939311548658,unweighted; popw not used,none
UZBROAD_M1,hhsize,-0.04026232383463795,0.03218117892814098,-0.10333627551383356,0.022811627844557668,0.21089288459061395,47135,2000,0.006166939311548658,unweighted; popw not used,none
UZBROAD_M1,l2cu_roster_member_count,-0.00151792457916907,0.03197165237279116,-0.0641812117560743,0.06114536259773617,0.9621329004788919,47135,2000,0.006166939311548658,unweighted; popw not used,none
UZBROAD_M1,uz_child_present,0.4863171069192073,0.04020984824612155,0.40750725253298803,0.5651269613054266,0.0,47135,2000,0.006166939311548658,unweighted; popw not used,none
UZBROAD_M2,Intercept,0.9806060699816713,0.04788561330870162,0.8867519925190043,1.0744601474443385,0.0,47135,2000,0.028603182790959192,unweighted; popw not used,round fixed effects
UZBROAD_M2,uzb_any_remittance,-0.13816276578569184,0.05174589155274259,-0.23958284957698273,-0.03674268199440095,0.007584585413478617,47135,2000,0.028603182790959192,unweighted; popw not used,round fixed effects
UZBROAD_M2,uzb_any_verified_shock,0.5538219544303891,0.0943605184084061,0.3688787367873843,0.7387651720733939,4.378693629902841e-09,47135,2000,0.028603182790959192,unweighted; popw not used,round fixed effects
UZBROAD_M2,rem_x_shock,-0.5406385917369163,0.2555313971860551,-1.041470927140784,-0.03980625633304857,0.03436672894974779,47135,2000,0.028603182790959192,unweighted; popw not used,round fixed effects
UZBROAD_M2,hhsize,-0.04679054688993928,0.032118527995620205,-0.10974170499779633,0.016160611217917772,0.1451692291589859,47135,2000,0.028603182790959192,unweighted; popw not used,round fixed effects
UZBROAD_M2,l2cu_roster_member_count,0.0042308117390980424,0.03193670316830427,-0.05836397625572457,0.06682559973392066,0.8946086704597731,47135,2000,0.028603182790959192,unweighted; popw not used,round fixed effects
UZBROAD_M2,uz_child_present,0.9806060699819613,0.04788561330870361,0.8867519925192904,1.0744601474446323,0.0,47135,2000,0.028603182790959192,unweighted; popw not used,round fixed effects
UZBROAD_M2,round[50],-0.6548833071135115,0.051644375725786,-0.7561044235401067,-0.5536621906869164,0.0,47135,2000,0.028603182790959192,unweighted; popw not used,round fixed effects
UZBROAD_M2,round[51],-0.7578021342909733,0.054996435109197876,-0.8655931663830954,-0.6500111021988513,0.0,47135,2000,0.028603182790959192,unweighted; popw not used,round fixed effects
UZBROAD_M2,round[52],-0.7982084494006148,0.05642031296682474,-0.9087902308120694,-0.6876266679891601,0.0,47135,2000,0.028603182790959192,unweighted; popw not used,round fixed effects
UZBROAD_M2,round[53],-0.7815890306019002,0.05546254538187308,-0.8902936220412897,-0.6728844391625107,0.0,47135,2000,0.028603182790959192,unweighted; popw not used,round fixed effects
UZBROAD_M2,round[54],-0.7180344572663276,0.058647870789739154,-0.832982171784175,-0.6030867427484803,0.0,47135,2000,0.028603182790959192,unweighted; popw not used,round fixed effects
UZBROAD_M2,round[55],-0.851129899686728,0.05766585286534737,-0.9641528944405947,-0.7381069049328614,0.0,47135,2000,0.028603182790959192,unweighted; popw not used,round fixed effects
UZBROAD_M2,round[56],-0.7948493216585494,0.06074777501687524,-0.9139127728325669,-0.6757858704845319,0.0,47135,2000,0.028603182790959192,unweighted; popw not used,round fixed effects
UZBROAD_M2,round[57],-0.8852191345227831,0.05707158995200064,-0.9970773953691424,-0.7733608736764238,0.0,47135,2000,0.028603182790959192,unweighted; popw not used,round fixed effects
UZBROAD_M2,round[58],-1.0503138229379123,0.05908396189528852,-1.1661162603166146,-0.9345113855592099,0.0,47135,2000,0.028603182790959192,unweighted; popw not used,round fixed effects
UZBROAD_M2,round[59],-1.1535390222073871,0.05683725381441645,-1.2649379926638051,-1.0421400517509691,0.0,47135,2000,0.028603182790959192,unweighted; popw not used,round fixed effects
UZBROAD_M2,round[60],-1.0905312065700794,0.057899481363791847,-1.2040121047666594,-0.9770503083734994,0.0,47135,2000,0.028603182790959192,unweighted; popw not used,round fixed effects
UZBROAD_M2,round[61],-1.1549049572677583,0.055560282733754025,-1.2638011103967788,-1.0460088041387379,0.0,47135,2000,0.028603182790959192,unweighted; popw not used,round fixed effects
UZBROAD_M2,round[62],-1.0739762351031943,0.058130485206843184,-1.1879098925124454,-0.9600425776939433,0.0,47135,2000,0.028603182790959192,unweighted; popw not used,round fixed effects
UZBROAD_M2,round[63],-1.0398293182528489,0.060128519938482415,-1.157679051775973,-0.9219795847297247,0.0,47135,2000,0.028603182790959192,unweighted; popw not used,round fixed effects
UZBROAD_M2,round[64],-0.9673151741123156,0.06207081793735224,-1.0889717417604687,-0.8456586064641625,0.0,47135,2000,0.028603182790959192,unweighted; popw not used,round fixed effects
UZBROAD_M2,round[65],-1.0694829898397187,0.060033900333890784,-1.1871472723456118,-0.9518187073338256,0.0,47135,2000,0.028603182790959192,unweighted; popw not used,round fixed effects
UZBROAD_M2,round[66],-0.9810867052404003,0.06047248029795059,-1.0996105886801915,-0.8625628218006092,0.0,47135,2000,0.028603182790959192,unweighted; popw not used,round fixed effects
UZBROAD_M2,round[67],-1.0514197662494602,0.05987913586888102,-1.1687807159778476,-0.9340588165210729,0.0,47135,2000,0.028603182790959192,unweighted; popw not used,round fixed effects
UZBROAD_M2,round[68],-1.2105954082509642,0.058365806957113006,-1.324990287815523,-1.0962005286864054,0.0,47135,2000,0.028603182790959192,unweighted; popw not used,round fixed effects
UZBROAD_M2,round[69],-1.18603733001459,0.05813327762402973,-1.2999764604609565,-1.0720981995682237,0.0,47135,2000,0.028603182790959192,unweighted; popw not used,round fixed effects
UZBROAD_M2,round[70],-1.1817596161292627,0.05946941509008955,-1.298317527887501,-1.0652017043710245,0.0,47135,2000,0.028603182790959192,unweighted; popw not used,round fixed effects
UZBROAD_M2,round[71],-1.1901196830068692,0.059771577808454546,-1.3072698228105737,-1.0729695432031647,0.0,47135,2000,0.028603182790959192,unweighted; popw not used,round fixed effects
UZBROAD_M2,round[72],-1.2709534537389535,0.05949395680736442,-1.3875594663791693,-1.1543474410987378,0.0,47135,2000,0.028603182790959192,unweighted; popw not used,round fixed effects
UZBROAD_M2,round[73],-1.2184530821408495,0.06068494274312377,-1.3373933843212473,-1.0995127799604516,0.0,47135,2000,0.028603182790959192,unweighted; popw not used,round fixed effects
UZBROAD_M2,round[74],-1.2267952062362952,0.05921283909918429,-1.3428502382930616,-1.1107401741795289,0.0,47135,2000,0.028603182790959192,unweighted; popw not used,round fixed effects
UZBROAD_M2,round[75],-1.1433664422345036,0.061756516687647166,-1.264406990752939,-1.0223258937160682,0.0,47135,2000,0.028603182790959192,unweighted; popw not used,round fixed effects
UZBROAD_M2,round[76],-1.1891270856217855,0.06127937983500046,-1.3092324630933365,-1.0690217081502345,0.0,47135,2000,0.028603182790959192,unweighted; popw not used,round fixed effects
UZBROAD_M2,round[77],-1.1710849500138225,0.061005417779568444,-1.2906533717235962,-1.0515165283040488,0.0,47135,2000,0.028603182790959192,unweighted; popw not used,round fixed effects
UZBROAD_M2,round[78],-0.9662026618435644,0.06237138060105027,-1.088448321487663,-0.8439570021994657,0.0,47135,2000,0.028603182790959192,unweighted; popw not used,round fixed effects
UZBROAD_M2,round[79],-0.8663593361508103,0.0626424208923087,-0.9891362250041348,-0.7435824472974858,0.0,47135,2000,0.028603182790959192,unweighted; popw not used,round fixed effects
UZBROAD_M2,round[80],-0.914687588197556,0.06501024311477696,-1.0421053233287119,-0.7872698530664002,0.0,47135,2000,0.028603182790959192,unweighted; popw not used,round fixed effects
UZBROAD_M2,round[81],-0.931507332316764,0.06450385852698455,-1.0579325718935206,-0.8050820927400074,0.0,47135,2000,0.028603182790959192,unweighted; popw not used,round fixed effects
UZBROAD_M2,round[82],-1.039679909690134,0.06239315489364261,-1.1619682461635024,-0.9173915732167653,0.0,47135,2000,0.028603182790959192,unweighted; popw not used,round fixed effects
