year,source_file,variable_name,variable_label,value_labels,storage_type,missing_codes,nonmissing_count,unique_value_count,minimum,maximum,probable_concept,probable_role,documentation_source,verification_status,notes
2015,data/kazakhstan/KAZ_2015_FIES_v01_EN_M_v01_A_OCS/microdata/KAZ_2015_FIES_v01_EN_M_v01_A_OCS.sav,Random_ID,Unique respondent identifier,{},float64,no special missing metadata supplied,1000,1000,111175919.0,211110572.0,respondent identifier,design/control candidate,data/kazakhstan/KAZ_2015_FIES_v01_EN_M_v01_A_OCS/microdata/KAZ_2015_FIES_v01_EN_M_v01_A_OCS.sav variable label/value label metadata,VERIFIED,Aggregate only; no respondent-level values exported.
2015,data/kazakhstan/KAZ_2015_FIES_v01_EN_M_v01_A_OCS/microdata/KAZ_2015_FIES_v01_EN_M_v01_A_OCS.sav,WORRIED,Worried you would not have enough food to eat because of a lack of money or other resources,{},str,blank/system missing observed; refusal and do-not-know codes not documented in questionnaire PDF,992,2,0.0,1.0,FIES item,raw food-insecurity item,data/kazakhstan/KAZ_2015_FIES_v01_EN_M_v01_A_OCS/resources/questionnaires/FIES_Questions.pdf page 1,VERIFIED,Aggregate only; no respondent-level values exported.
2015,data/kazakhstan/KAZ_2015_FIES_v01_EN_M_v01_A_OCS/microdata/KAZ_2015_FIES_v01_EN_M_v01_A_OCS.sav,HEALTHY,Unable to eat healthy and nutritious food because of a lack of money or other resources,{},str,blank/system missing observed; refusal and do-not-know codes not documented in questionnaire PDF,981,2,0.0,1.0,FIES item,raw food-insecurity item,data/kazakhstan/KAZ_2015_FIES_v01_EN_M_v01_A_OCS/resources/questionnaires/FIES_Questions.pdf page 1,VERIFIED,Aggregate only; no respondent-level values exported.
2015,data/kazakhstan/KAZ_2015_FIES_v01_EN_M_v01_A_OCS/microdata/KAZ_2015_FIES_v01_EN_M_v01_A_OCS.sav,FEWFOOD,Ate only a few kinds of foods because of a lack of money or other resources,{},str,blank/system missing observed; refusal and do-not-know codes not documented in questionnaire PDF,976,2,0.0,1.0,FIES item,raw food-insecurity item,data/kazakhstan/KAZ_2015_FIES_v01_EN_M_v01_A_OCS/resources/questionnaires/FIES_Questions.pdf page 1,VERIFIED,Aggregate only; no respondent-level values exported.
2015,data/kazakhstan/KAZ_2015_FIES_v01_EN_M_v01_A_OCS/microdata/KAZ_2015_FIES_v01_EN_M_v01_A_OCS.sav,SKIPPED,Skipped a meal because there was not enough money or other resources to get food,{},str,blank/system missing observed; refusal and do-not-know codes not documented in questionnaire PDF,978,2,0.0,1.0,FIES item,raw food-insecurity item,data/kazakhstan/KAZ_2015_FIES_v01_EN_M_v01_A_OCS/resources/questionnaires/FIES_Questions.pdf page 1,VERIFIED,Aggregate only; no respondent-level values exported.
2015,data/kazakhstan/KAZ_2015_FIES_v01_EN_M_v01_A_OCS/microdata/KAZ_2015_FIES_v01_EN_M_v01_A_OCS.sav,ATELESS,Ate less than you thought you should because of a lack of money or other resources,{},str,blank/system missing observed; refusal and do-not-know codes not documented in questionnaire PDF,975,2,0.0,1.0,FIES item,raw food-insecurity item,data/kazakhstan/KAZ_2015_FIES_v01_EN_M_v01_A_OCS/resources/questionnaires/FIES_Questions.pdf page 1,VERIFIED,Aggregate only; no respondent-level values exported.
2015,data/kazakhstan/KAZ_2015_FIES_v01_EN_M_v01_A_OCS/microdata/KAZ_2015_FIES_v01_EN_M_v01_A_OCS.sav,RUNOUT,Household ran out of food because of a lack of money or other resources,{},str,blank/system missing observed; refusal and do-not-know codes not documented in questionnaire PDF,984,2,0.0,1.0,FIES item,raw food-insecurity item,data/kazakhstan/KAZ_2015_FIES_v01_EN_M_v01_A_OCS/resources/questionnaires/FIES_Questions.pdf page 1,VERIFIED,Aggregate only; no respondent-level values exported.
2015,data/kazakhstan/KAZ_2015_FIES_v01_EN_M_v01_A_OCS/microdata/KAZ_2015_FIES_v01_EN_M_v01_A_OCS.sav,HUNGRY,Hungry but did not eat because there was not enough money or other resources for food?,{},str,blank/system missing observed; refusal and do-not-know codes not documented in questionnaire PDF,983,2,0.0,1.0,FIES item,raw food-insecurity item,data/kazakhstan/KAZ_2015_FIES_v01_EN_M_v01_A_OCS/resources/questionnaires/FIES_Questions.pdf page 1,VERIFIED,Aggregate only; no respondent-level values exported.
2015,data/kazakhstan/KAZ_2015_FIES_v01_EN_M_v01_A_OCS/microdata/KAZ_2015_FIES_v01_EN_M_v01_A_OCS.sav,WHLDAY,Went without eating for a whole day because of a lack of money or other resources?,{},str,blank/system missing observed; refusal and do-not-know codes not documented in questionnaire PDF,973,2,0.0,1.0,FIES item,raw food-insecurity item,data/kazakhstan/KAZ_2015_FIES_v01_EN_M_v01_A_OCS/resources/questionnaires/FIES_Questions.pdf page 1,VERIFIED,Aggregate only; no respondent-level values exported.
2015,data/kazakhstan/KAZ_2015_FIES_v01_EN_M_v01_A_OCS/microdata/KAZ_2015_FIES_v01_EN_M_v01_A_OCS.sav,wt,Post-stratification sampling weights,{},float64,no special missing metadata supplied,1000,351,0.343816953578758,2.706660804556,survey weight,design/control candidate,data/kazakhstan/KAZ_2015_FIES_v01_EN_M_v01_A_OCS/resources/technical/Derived_variables_and_Computation_indicator.pdf pp. 1-4,VERIFIED,Aggregate only; no respondent-level values exported.
2015,data/kazakhstan/KAZ_2015_FIES_v01_EN_M_v01_A_OCS/microdata/KAZ_2015_FIES_v01_EN_M_v01_A_OCS.sav,year,Year when the GWP was administered in the country,"{""1.0"": ""2015""}",float64,no special missing metadata supplied,1000,1,1.0,1.0,survey year,design/control candidate,data/kazakhstan/KAZ_2015_FIES_v01_EN_M_v01_A_OCS/microdata/KAZ_2015_FIES_v01_EN_M_v01_A_OCS.sav variable label/value label metadata,VERIFIED,Aggregate only; no respondent-level values exported.
2015,data/kazakhstan/KAZ_2015_FIES_v01_EN_M_v01_A_OCS/microdata/KAZ_2015_FIES_v01_EN_M_v01_A_OCS.sav,N_adults,Number of adults 15 years of age and above in household,{},str,no special missing metadata supplied,1000,10,1.0,9.0,household composition,design/control candidate,data/kazakhstan/KAZ_2015_FIES_v01_EN_M_v01_A_OCS/resources/technical/Derived_variables_and_Computation_indicator.pdf pp. 1-4,VERIFIED,Aggregate only; no respondent-level values exported.
2015,data/kazakhstan/KAZ_2015_FIES_v01_EN_M_v01_A_OCS/microdata/KAZ_2015_FIES_v01_EN_M_v01_A_OCS.sav,N_child,Number of children under 15 years of age in household,{},str,no special missing metadata supplied,975,10,0.0,9.0,household composition,design/control candidate,data/kazakhstan/KAZ_2015_FIES_v01_EN_M_v01_A_OCS/resources/technical/Derived_variables_and_Computation_indicator.pdf pp. 1-4,VERIFIED,Aggregate only; no respondent-level values exported.
2015,data/kazakhstan/KAZ_2015_FIES_v01_EN_M_v01_A_OCS/microdata/KAZ_2015_FIES_v01_EN_M_v01_A_OCS.sav,Raw_score,Sum of Affirmative responses to FIES questions,{},float64,no special missing metadata supplied,926,9,0.0,8.0,derived FIES indicator,raw score,data/kazakhstan/KAZ_2015_FIES_v01_EN_M_v01_A_OCS/resources/technical/Derived_variables_and_Computation_indicator.pdf pp. 1-4,VERIFIED,Aggregate only; no respondent-level values exported.
2015,data/kazakhstan/KAZ_2015_FIES_v01_EN_M_v01_A_OCS/microdata/KAZ_2015_FIES_v01_EN_M_v01_A_OCS.sav,Raw_score_par,Estimated person parameters using the Rasch model,{},float64,no special missing metadata supplied,926,9,-2.5376890475816,2.6257489642438,derived FIES indicator,Rasch severity parameter,data/kazakhstan/KAZ_2015_FIES_v01_EN_M_v01_A_OCS/resources/technical/Derived_variables_and_Computation_indicator.pdf pp. 1-4,VERIFIED,Aggregate only; no respondent-level values exported.
2015,data/kazakhstan/KAZ_2015_FIES_v01_EN_M_v01_A_OCS/microdata/KAZ_2015_FIES_v01_EN_M_v01_A_OCS.sav,Raw_score_par_error,Estimated person parameter errors using the Rasch model,{},float64,no special missing metadata supplied,926,8,0.659400703104128,1.17824992365527,derived FIES indicator,Rasch severity parameter,data/kazakhstan/KAZ_2015_FIES_v01_EN_M_v01_A_OCS/resources/technical/Derived_variables_and_Computation_indicator.pdf pp. 1-4,VERIFIED,Aggregate only; no respondent-level values exported.
2015,data/kazakhstan/KAZ_2015_FIES_v01_EN_M_v01_A_OCS/microdata/KAZ_2015_FIES_v01_EN_M_v01_A_OCS.sav,Prob_Mod_Sev,Probability of being moderately or severely food insecure,{},float64,no special missing metadata supplied,926,9,0.0,0.994284508336688,derived FIES indicator,official probability outcome for later prevalence estimation,data/kazakhstan/KAZ_2015_FIES_v01_EN_M_v01_A_OCS/resources/technical/Derived_variables_and_Computation_indicator.pdf pp. 1-4,VERIFIED,Aggregate only; no respondent-level values exported.
2015,data/kazakhstan/KAZ_2015_FIES_v01_EN_M_v01_A_OCS/microdata/KAZ_2015_FIES_v01_EN_M_v01_A_OCS.sav,Prob_sev,Probability of being severely food insecure,{},float64,no special missing metadata supplied,926,9,0.0,0.737845928276933,derived FIES indicator,official probability outcome for later prevalence estimation,data/kazakhstan/KAZ_2015_FIES_v01_EN_M_v01_A_OCS/resources/technical/Derived_variables_and_Computation_indicator.pdf pp. 1-4,VERIFIED,Aggregate only; no respondent-level values exported.
2015,data/kazakhstan/KAZ_2015_FIES_v01_EN_M_v01_A_OCS/microdata/KAZ_2015_FIES_v01_EN_M_v01_A_OCS.sav,Age,Age of the respondent,{},float64,no special missing metadata supplied,1000,73,15.0,100.0,respondent demographic/geographic/economic characteristic,design/control candidate,data/kazakhstan/KAZ_2015_FIES_v01_EN_M_v01_A_OCS/microdata/KAZ_2015_FIES_v01_EN_M_v01_A_OCS.sav variable label/value label metadata,VERIFIED,Aggregate only; no respondent-level values exported.
2015,data/kazakhstan/KAZ_2015_FIES_v01_EN_M_v01_A_OCS/microdata/KAZ_2015_FIES_v01_EN_M_v01_A_OCS.sav,Education,Education of the respondent,"{""1.0"": ""Elementary_or_less"", ""2.0"": ""Secondary"", ""3.0"": ""College"", ""4.0"": ""Dont_know"", ""5.0"": ""Refused""}",float64,labelled nonresponse categories: 4.0=Dont_know; 5.0=Refused,1000,4,1.0,5.0,respondent demographic/geographic/economic characteristic,design/control candidate,data/kazakhstan/KAZ_2015_FIES_v01_EN_M_v01_A_OCS/microdata/KAZ_2015_FIES_v01_EN_M_v01_A_OCS.sav variable label/value label metadata,VERIFIED,Aggregate only; no respondent-level values exported.
2015,data/kazakhstan/KAZ_2015_FIES_v01_EN_M_v01_A_OCS/microdata/KAZ_2015_FIES_v01_EN_M_v01_A_OCS.sav,Area,Area,"{""1.0"": ""Urban/Suburbs"", ""2.0"": ""Towns/Rural"", ""3.0"": ""Dont_know"", ""4.0"": ""Refused""}",float64,labelled nonresponse categories: 3.0=Dont_know; 4.0=Refused,1000,2,1.0,2.0,respondent demographic/geographic/economic characteristic,design/control candidate,data/kazakhstan/KAZ_2015_FIES_v01_EN_M_v01_A_OCS/microdata/KAZ_2015_FIES_v01_EN_M_v01_A_OCS.sav variable label/value label metadata,VERIFIED,Aggregate only; no respondent-level values exported.
2015,data/kazakhstan/KAZ_2015_FIES_v01_EN_M_v01_A_OCS/microdata/KAZ_2015_FIES_v01_EN_M_v01_A_OCS.sav,Gender,Gender of the respondent,"{""1.0"": ""Male"", ""2.0"": ""Female""}",float64,no special missing metadata supplied,1000,2,1.0,2.0,respondent demographic/geographic/economic characteristic,design/control candidate,data/kazakhstan/KAZ_2015_FIES_v01_EN_M_v01_A_OCS/microdata/KAZ_2015_FIES_v01_EN_M_v01_A_OCS.sav variable label/value label metadata,VERIFIED,Aggregate only; no respondent-level values exported.
2015,data/kazakhstan/KAZ_2015_FIES_v01_EN_M_v01_A_OCS/microdata/KAZ_2015_FIES_v01_EN_M_v01_A_OCS.sav,Income,Income quintile,"{""1.0"": ""Poorest_20%"", ""2.0"": ""Second_20%"", ""3.0"": ""Middle_20%"", ""4.0"": ""Fourth_20%"", ""5.0"": ""Richest_20%""}",float64,no special missing metadata supplied,1000,5,1.0,5.0,respondent demographic/geographic/economic characteristic,design/control candidate,data/kazakhstan/KAZ_2015_FIES_v01_EN_M_v01_A_OCS/microdata/KAZ_2015_FIES_v01_EN_M_v01_A_OCS.sav variable label/value label metadata,VERIFIED,Aggregate only; no respondent-level values exported.
