round,household_round_count,unique_households,complete_fies_count,mean_raw_score,median_raw_score,any_affirmative_item_proportion,remittance_receipt_proportion,work_loss_shock_proportion,any_verified_shock_proportion,small_cell_status,weight_status,note
49,1446,1446,1446,1.7081604426002766,1.0,0.5159059474412172,0.0912863070539419,0.007607192254495159,0.014522821576763486,ADEQUATE,unweighted; popw not used,L2CU results are unweighted because the interpretation and normalization of `popw` have not been approved.
50,1442,1442,1442,1.0533980582524272,0.0,0.37725381414701803,0.06657420249653259,0.004160887656033287,0.009015256588072122,ADEQUATE,unweighted; popw not used,L2CU results are unweighted because the interpretation and normalization of `popw` have not been approved.
51,1444,1444,1444,0.9508310249307479,0.0,0.3462603878116344,0.06440443213296398,0.0034626038781163434,0.009695290858725761,ADEQUATE,unweighted; popw not used,L2CU results are unweighted because the interpretation and normalization of `popw` have not been approved.
52,1444,1444,1444,0.9127423822714681,0.0,0.34418282548476453,0.05678670360110803,0.004155124653739612,0.0110803324099723,ADEQUATE,unweighted; popw not used,L2CU results are unweighted because the interpretation and normalization of `popw` have not been approved.
53,1438,1438,1438,0.9325452016689847,0.0,0.33936022253129344,0.05285118219749652,0.0076495132127955496,0.014603616133518776,ADEQUATE,unweighted; popw not used,L2CU results are unweighted because the interpretation and normalization of `popw` have not been approved.
54,1438,1438,1438,0.9916550764951322,0.0,0.3560500695410292,0.06328233657858136,0.0034770514603616135,0.01043115438108484,ADEQUATE,unweighted; popw not used,L2CU results are unweighted because the interpretation and normalization of `popw` have not been approved.
55,1431,1431,1431,0.8616352201257862,0.0,0.29909154437456326,0.05241090146750524,0.0034940600978336828,0.013277428371767994,ADEQUATE,unweighted; popw not used,L2CU results are unweighted because the interpretation and normalization of `popw` have not been approved.
56,1430,1430,1430,0.916083916083916,0.0,0.3034965034965035,0.06293706293706294,0.0048951048951048955,0.011888111888111888,ADEQUATE,unweighted; popw not used,L2CU results are unweighted because the interpretation and normalization of `popw` have not been approved.
57,1424,1424,1424,0.827247191011236,0.0,0.24578651685393257,0.07724719101123595,0.006320224719101123,0.018258426966292134,ADEQUATE,unweighted; popw not used,L2CU results are unweighted because the interpretation and normalization of `popw` have not been approved.
58,1419,1419,1419,0.6546863988724454,0.0,0.1952078928823115,0.0916138125440451,0.0035236081747709656,0.008456659619450317,ADEQUATE,unweighted; popw not used,L2CU results are unweighted because the interpretation and normalization of `popw` have not been approved.
59,1416,1416,1416,0.547316384180791,0.0,0.19915254237288135,0.08898305084745763,0.002824858757062147,0.007062146892655367,ADEQUATE,unweighted; popw not used,L2CU results are unweighted because the interpretation and normalization of `popw` have not been approved.
60,1382,1382,1382,0.6201157742402316,0.0,0.2141823444283647,0.08031837916063676,0.0,0.005788712011577424,ADEQUATE,unweighted; popw not used,L2CU results are unweighted because the interpretation and normalization of `popw` have not been approved.
61,1375,1375,1375,0.5549090909090909,0.0,0.22327272727272726,0.06763636363636363,0.0014545454545454545,0.004363636363636364,ADEQUATE,unweighted; popw not used,L2CU results are unweighted because the interpretation and normalization of `popw` have not been approved.
62,1371,1371,1371,0.6382202771699489,0.0,0.23559445660102116,0.06783369803063458,0.002188183807439825,0.008023340627279359,ADEQUATE,unweighted; popw not used,L2CU results are unweighted because the interpretation and normalization of `popw` have not been approved.
63,1365,1365,1365,0.6703296703296703,0.0,0.2293040293040293,0.07252747252747253,0.002197802197802198,0.005128205128205128,ADEQUATE,unweighted; popw not used,L2CU results are unweighted because the interpretation and normalization of `popw` have not been approved.
64,1343,1343,1343,0.7431124348473567,0.0,0.24720774385703648,0.05956813104988831,0.0029784065524944155,0.0037230081906180195,ADEQUATE,unweighted; popw not used,L2CU results are unweighted because the interpretation and normalization of `popw` have not been approved.
65,1329,1329,1329,0.6471030850263356,0.0,0.20617005267118135,0.051166290443942816,0.006019563581640331,0.013544018058690745,ADEQUATE,unweighted; popw not used,L2CU results are unweighted because the interpretation and normalization of `popw` have not been approved.
66,1323,1323,1323,0.7331821617535903,0.0,0.22448979591836735,0.05215419501133787,0.006046863189720333,0.007558578987150416,ADEQUATE,unweighted; popw not used,L2CU results are unweighted because the interpretation and normalization of `popw` have not been approved.
67,1357,1357,1357,0.6683861459100958,0.0,0.23728813559322035,0.05232129697862933,0.005158437730287398,0.01694915254237288,ADEQUATE,unweighted; popw not used,L2CU results are unweighted because the interpretation and normalization of `popw` have not been approved.
68,1352,1352,1352,0.5066568047337278,0.0,0.17899408284023668,0.05251479289940828,0.004437869822485207,0.014053254437869823,ADEQUATE,unweighted; popw not used,L2CU results are unweighted because the interpretation and normalization of `popw` have not been approved.
69,1341,1341,1341,0.5316927665920954,0.0,0.19686800894854586,0.06413124533929904,0.002982848620432513,0.014168530947054437,ADEQUATE,unweighted; popw not used,L2CU results are unweighted because the interpretation and normalization of `popw` have not been approved.
70,1322,1322,1322,0.5310136157337367,0.0,0.1838124054462935,0.07110438729198185,0.0022692889561270802,0.00832072617246596,ADEQUATE,unweighted; popw not used,L2CU results are unweighted because the interpretation and normalization of `popw` have not been approved.
71,1310,1310,1310,0.5213740458015267,0.0,0.18702290076335878,0.08931297709923663,0.0022900763358778627,0.009923664122137405,ADEQUATE,unweighted; popw not used,L2CU results are unweighted because the interpretation and normalization of `popw` have not been approved.
72,1275,1275,1275,0.4392156862745098,0.0,0.14823529411764705,0.08627450980392157,0.00392156862745098,0.00784313725490196,ADEQUATE,unweighted; popw not used,L2CU results are unweighted because the interpretation and normalization of `popw` have not been approved.
73,1241,1241,1241,0.49073327961321517,0.0,0.1716357775987107,0.088638195004029,0.0032232070910556,0.008863819500402902,ADEQUATE,unweighted; popw not used,L2CU results are unweighted because the interpretation and normalization of `popw` have not been approved.
74,1227,1227,1227,0.48818255908720454,0.0,0.17277913610431947,0.07008964955175224,0.0057049714751426246,0.013854930725346373,ADEQUATE,unweighted; popw not used,L2CU results are unweighted because the interpretation and normalization of `popw` have not been approved.
75,1229,1229,1229,0.5687550854353133,0.0,0.19446704637917006,0.06590724165988608,0.0008136696501220504,0.008136696501220505,ADEQUATE,unweighted; popw not used,L2CU results are unweighted because the interpretation and normalization of `popw` have not been approved.
76,1519,1519,1519,0.5246872942725477,0.0,0.16984858459512836,0.053982883475971036,0.0032916392363396972,0.009216589861751152,ADEQUATE,unweighted; popw not used,L2CU results are unweighted because the interpretation and normalization of `popw` have not been approved.
77,1501,1501,1501,0.5502998001332445,0.0,0.1758827448367755,0.04530313124583611,0.005329780146568954,0.014656895403064623,ADEQUATE,unweighted; popw not used,L2CU results are unweighted because the interpretation and normalization of `popw` have not been approved.
78,1475,1475,1475,0.7627118644067796,0.0,0.22847457627118645,0.06372881355932203,0.010847457627118645,0.04,ADEQUATE,unweighted; popw not used,L2CU results are unweighted because the interpretation and normalization of `popw` have not been approved.
79,1452,1452,1452,0.8636363636363636,0.0,0.26170798898071623,0.07369146005509641,0.013774104683195593,0.04201101928374656,ADEQUATE,unweighted; popw not used,L2CU results are unweighted because the interpretation and normalization of `popw` have not been approved.
80,1438,1438,1438,0.8045897079276774,0.0,0.2364394993045897,0.07579972183588317,0.006258692628650904,0.02642559109874826,ADEQUATE,unweighted; popw not used,L2CU results are unweighted because the interpretation and normalization of `popw` have not been approved.
81,1419,1419,1419,0.7885835095137421,0.0,0.22410147991543342,0.07610993657505286,0.005637773079633545,0.026074700493305146,ADEQUATE,unweighted; popw not used,L2CU results are unweighted because the interpretation and normalization of `popw` have not been approved.
82,1417,1417,1417,0.6718419195483416,0.0,0.19548341566690192,0.07904022582921666,0.0056457304163726185,0.01058574453069866,ADEQUATE,unweighted; popw not used,L2CU results are unweighted because the interpretation and normalization of `popw` have not been approved.
