country,dataset,source_file,observation_level,variable,rows,nonmissing,valid,missing_or_structural,observed_codes_top20,round_min_nonmissing,round_max_nonmissing,rounds_with_nonmissing,rounds_list
kyrgyzstan,LiK 2019,data/interim/unpacked/kyrgyzstan/dataverse_files/depth_02/LiK_2022__7c67a235/Version_2022/Household/hh0.dta,household/event roster,hhid,2316,2316,2316,0,"{""2001"": 1, ""2005"": 1, ""2010"": 1, ""2012"": 1, ""2013"": 1, ""2014"": 1, ""2017"": 1, ""2020"": 1, ""2021"": 1, ""2025"": 1, ""2028"": 1, ""2029"": 1, ""2031"": 1, ""2032"": 1, ""2033"": 1, ""2035"": 1, ""2036"": 1, ""2037"": 1, ""2038"": 1, ""2039"": 1}",2019,2019,1,[2019]
kyrgyzstan,LiK 2019,data/interim/unpacked/kyrgyzstan/dataverse_files/depth_02/LiK_2022__7c67a235/Version_2022/Household/hh0.dta,household/event roster,int_date,2316,2316,2316,0,"{""03.01.2020"": 42, ""04.01.2020"": 43, ""06.01.2020"": 50, ""07.01.2020"": 42, ""07.12.2019"": 49, ""08.12.2019"": 47, ""09.12.2019"": 51, ""10.12.2019"": 56, ""11.01.2020"": 57, ""11.12.2019"": 53, ""12.12.2019"": 48, ""15.12.2019"": 43, ""17.12.2019"": 44, ""18.01.2020"": 46, ""18.12.2019"": 44, ""19.12.2019"": 39, ""20.12.2019"": 45, ""21.12.2019"": 44, ""22.12.2019"": 41, ""23.12.2019"": 38}",2019,2019,1,[2019]
kyrgyzstan,LiK 2019,data/interim/unpacked/kyrgyzstan/dataverse_files/depth_02/LiK_2022__7c67a235/Version_2022/Household/hh0.dta,household/event roster,psu,2316,2316,2316,0,"{""1101"": 74, ""1102"": 96, ""1103"": 46, ""1104"": 84, ""2101"": 87, ""302"": 29, ""303"": 26, ""304"": 27, ""309"": 26, ""316"": 25, ""317"": 34, ""401"": 26, ""403"": 25, ""405"": 25, ""504"": 28, ""509"": 28, ""608"": 30, ""611"": 26, ""615"": 32, ""616"": 26}",2019,2019,1,[2019]
kyrgyzstan,LiK 2019,data/interim/unpacked/kyrgyzstan/dataverse_files/depth_02/LiK_2022__7c67a235/Version_2022/Household/hh0.dta,household/event roster,oblast,2316,2316,2316,0,"{""11"": 300, ""2"": 206, ""21"": 88, ""3"": 445, ""4"": 118, ""5"": 240, ""6"": 454, ""7"": 111, ""8"": 354}",2019,2019,1,[2019]
kyrgyzstan,LiK 2019,data/interim/unpacked/kyrgyzstan/dataverse_files/depth_02/LiK_2022__7c67a235/Version_2022/Household/hh0.dta,household/event roster,residence,2316,2310,2310,6,"{""1"": 737, ""2"": 1573}",2019,2019,1,[2019]
kyrgyzstan,LiK 2019,data/interim/unpacked/kyrgyzstan/dataverse_files/depth_02/LiK_2022__7c67a235/Version_2022/Household/hh1a.dta,household roster,hhid,13432,13432,13432,0,"{""21002"": 20, ""21132"": 16, ""21142"": 15, ""21144"": 15, ""3131"": 15, ""3176"": 15, ""3185"": 14, ""3233"": 15, ""3288"": 15, ""3345"": 14, ""4089"": 16, ""6116"": 15, ""6129"": 17, ""6228"": 16, ""6229"": 16, ""6333"": 15, ""6365"": 16, ""6380"": 16, ""6386"": 17, ""6391"": 18}",2019,2019,1,[2019]
kyrgyzstan,LiK 2019,data/interim/unpacked/kyrgyzstan/dataverse_files/depth_02/LiK_2022__7c67a235/Version_2022/Household/hh1a.dta,household roster,pid,13432,13432,13432,0,"{""1"": 2312, ""10"": 234, ""11"": 144, ""12"": 88, ""13"": 57, ""14"": 33, ""15"": 20, ""16"": 11, ""17"": 6, ""18"": 3, ""19"": 1, ""2"": 2228, ""20"": 1, ""3"": 2045, ""4"": 1834, ""5"": 1558, ""6"": 1198, ""7"": 803, ""8"": 513, ""9"": 343}",2019,2019,1,[2019]
kyrgyzstan,LiK 2019,data/interim/unpacked/kyrgyzstan/dataverse_files/depth_02/LiK_2022__7c67a235/Version_2022/Household/hh2b.dta,household/event roster,hhid,23022,23022,23022,0,"{""11071"": 22, ""11556"": 22, ""21035"": 25, ""21039"": 23, ""21046"": 26, ""21052"": 22, ""3065"": 25, ""3072"": 23, ""3183"": 21, ""3365"": 23, ""3606"": 23, ""4046"": 21, ""4078"": 21, ""4092"": 24, ""5208"": 22, ""6069"": 23, ""7007"": 22, ""8307"": 22, ""8327"": 22, ""8332"": 21}",2019,2019,1,[2019]
kyrgyzstan,LiK 2019,data/interim/unpacked/kyrgyzstan/dataverse_files/depth_02/LiK_2022__7c67a235/Version_2022/Household/hh2b.dta,household/event roster,asset,23022,23022,23022,0,"{""1"": 2169, ""10"": 1971, ""11"": 736, ""12"": 1636, ""13"": 433, ""15"": 585, ""16"": 1099, ""17"": 819, ""18"": 1091, ""19"": 1685, ""20"": 1734, ""21"": 976, ""24"": 1939, ""29"": 241, ""32"": 1489, ""33"": 1338, ""34"": 235, ""35"": 403, ""4"": 293, ""6"": 950}",2019,2019,1,[2019]
kyrgyzstan,LiK 2019,data/interim/unpacked/kyrgyzstan/dataverse_files/depth_02/LiK_2022__7c67a235/Version_2022/Household/hh2b.dta,household/event roster,h219,23022,23022,23022,0,"{""1"": 23022}",2019,2019,1,[2019]
kyrgyzstan,LiK 2019,data/interim/unpacked/kyrgyzstan/dataverse_files/depth_02/LiK_2022__7c67a235/Version_2022/Household/hh2b.dta,household/event roster,h220,23022,22384,22384,638,"{""1"": 19675, ""10"": 1, ""2"": 1749, ""3"": 588, ""4"": 237, ""5"": 90, ""6"": 24, ""7"": 16, ""8"": 4}",2019,2019,1,[2019]
kyrgyzstan,LiK 2019,data/interim/unpacked/kyrgyzstan/dataverse_files/depth_02/LiK_2022__7c67a235/Version_2022/Household/hh2b.dta,household/event roster,h223,23022,6467,6467,16555,"{""0"": 806, ""1000"": 263, ""10000"": 220, ""1000000"": 198, ""150000"": 103, ""1500000"": 130, ""2000"": 257, ""200000"": 103, ""2000000"": 229, ""2500000"": 85, ""3000"": 213, ""300000"": 116, ""3000000"": 122, ""4000"": 134, ""500"": 196, ""5000"": 372, ""500000"": 130, ""6000"": 107, ""8000"": 86, ""999"": 535}",2019,2019,1,[2019]
kyrgyzstan,LiK 2019,data/interim/unpacked/kyrgyzstan/dataverse_files/depth_02/LiK_2022__7c67a235/Version_2022/Household/hh5a.dta,household/event roster,hhid,3049,3049,3049,0,"{""2103"": 7, ""2111"": 4, ""2127"": 4, ""2179"": 4, ""2208"": 4, ""2273"": 5, ""3002"": 5, ""3157"": 4, ""3162"": 5, ""3167"": 4, ""3173"": 5, ""6048"": 6, ""6101"": 5, ""6229"": 5, ""6240"": 5, ""6264"": 5, ""6290"": 5, ""7056"": 5, ""7120"": 5, ""8025"": 5}",2019,2019,1,[2019]
kyrgyzstan,LiK 2019,data/interim/unpacked/kyrgyzstan/dataverse_files/depth_02/LiK_2022__7c67a235/Version_2022/Household/hh5a.dta,household/event roster,income,3049,3049,3049,0,"{""1"": 454, ""10"": 35, ""11"": 7, ""12"": 18, ""13"": 53, ""14"": 6, ""15"": 6, ""16"": 4, ""17"": 340, ""2"": 203, ""3"": 374, ""4"": 93, ""5"": 705, ""6"": 24, ""7"": 360, ""8"": 326, ""9"": 41}",2019,2019,1,[2019]
kyrgyzstan,LiK 2019,data/interim/unpacked/kyrgyzstan/dataverse_files/depth_02/LiK_2022__7c67a235/Version_2022/Household/hh5a.dta,household/event roster,h501,3049,3049,3049,0,"{""1"": 3049}",2019,2019,1,[2019]
kyrgyzstan,LiK 2019,data/interim/unpacked/kyrgyzstan/dataverse_files/depth_02/LiK_2022__7c67a235/Version_2022/Household/hh5a.dta,household/event roster,h502,3049,3049,3049,0,"{""1000"": 59, ""10000"": 498, ""12000"": 61, ""15000"": 294, ""16000"": 26, ""18000"": 28, ""2000"": 96, ""20000"": 263, ""25000"": 86, ""3000"": 103, ""30000"": 142, ""35000"": 26, ""4000"": 54, ""40000"": 50, ""5000"": 325, ""50000"": 64, ""6000"": 87, ""7000"": 62, ""8000"": 99, ""99"": 102}",2019,2019,1,[2019]
kyrgyzstan,LiK 2019,data/interim/unpacked/kyrgyzstan/dataverse_files/depth_02/LiK_2022__7c67a235/Version_2022/Household/hh6b.dta,household/event roster,hhid,529,529,529,0,"{""2020"": 1, ""2028"": 1, ""2033"": 1, ""2036"": 1, ""2054"": 1, ""2082"": 1, ""2096"": 1, ""2104"": 1, ""2110"": 1, ""2111"": 1, ""2120"": 1, ""2122"": 1, ""2123"": 1, ""2139"": 1, ""2143"": 1, ""2146"": 1, ""2148"": 1, ""2149"": 1, ""2194"": 1, ""2209"": 1}",2019,2019,1,[2019]
kyrgyzstan,LiK 2019,data/interim/unpacked/kyrgyzstan/dataverse_files/depth_02/LiK_2022__7c67a235/Version_2022/Household/hh6b.dta,household/event roster,h620,529,529,529,0,"{""1"": 406, ""2"": 123}",2019,2019,1,[2019]
kyrgyzstan,LiK 2019,data/interim/unpacked/kyrgyzstan/dataverse_files/depth_02/LiK_2022__7c67a235/Version_2022/Household/hh6b.dta,household/event roster,h622,529,406,406,123,"{""10000"": 28, ""100000"": 32, ""120000"": 14, ""15000"": 15, ""150000"": 20, ""180000"": 8, ""20000"": 26, ""200000"": 20, ""240000"": 6, ""25000"": 5, ""30000"": 22, ""300000"": 13, ""40000"": 18, ""5000"": 16, ""50000"": 36, ""60000"": 24, ""7000"": 5, ""70000"": 5, ""80000"": 12, ""999"": 16}",2019,2019,1,[2019]
kyrgyzstan,LiK 2019,data/interim/unpacked/kyrgyzstan/dataverse_files/depth_02/LiK_2022__7c67a235/Version_2022/Household/hh6b.dta,household/event roster,h623,529,406,406,123,"{""1"": 397, ""2"": 9}",2019,2019,1,[2019]
kyrgyzstan,LiK 2019,data/interim/unpacked/kyrgyzstan/dataverse_files/depth_02/LiK_2022__7c67a235/Version_2022/Household/hh6b.dta,household/event roster,h625,529,406,406,123,"{""1"": 306, ""2"": 100}",2019,2019,1,[2019]
kyrgyzstan,LiK 2019,data/interim/unpacked/kyrgyzstan/dataverse_files/depth_02/LiK_2022__7c67a235/Version_2022/Household/hh6b.dta,household/event roster,h626,529,306,306,223,"{""1"": 167, ""2"": 97, ""3"": 42}",2019,2019,1,[2019]
kyrgyzstan,LiK 2019,data/interim/unpacked/kyrgyzstan/dataverse_files/depth_02/LiK_2022__7c67a235/Version_2022/Household/hh7.dta,household/event roster,hhid,772,772,772,0,"{""2201"": 7, ""2208"": 5, ""2210"": 4, ""2212"": 4, ""2213"": 4, ""2221"": 5, ""3151"": 4, ""3258"": 4, ""3262"": 4, ""3271"": 4, ""3291"": 6, ""5024"": 5, ""5081"": 5, ""5117"": 5, ""5142"": 4, ""5156"": 4, ""5177"": 4, ""6104"": 4, ""7103"": 5, ""8402"": 4}",2019,2019,1,[2019]
kyrgyzstan,LiK 2019,data/interim/unpacked/kyrgyzstan/dataverse_files/depth_02/LiK_2022__7c67a235/Version_2022/Household/hh7.dta,household/event roster,shock,772,772,772,0,"{""1"": 144, ""10"": 8, ""11"": 8, ""12"": 16, ""13"": 12, ""14"": 40, ""15"": 55, ""16"": 52, ""17"": 54, ""18"": 59, ""19"": 42, ""2"": 25, ""21"": 7, ""24"": 14, ""3"": 34, ""4"": 48, ""5"": 8, ""6"": 12, ""8"": 113, ""9"": 8}",2019,2019,1,[2019]
kyrgyzstan,LiK 2019,data/interim/unpacked/kyrgyzstan/dataverse_files/depth_02/LiK_2022__7c67a235/Version_2022/Household/hh7.dta,household/event roster,h701,772,772,772,0,"{""1"": 772}",2019,2019,1,[2019]
kyrgyzstan,LiK 2019,data/interim/unpacked/kyrgyzstan/dataverse_files/depth_02/LiK_2022__7c67a235/Version_2022/Household/hh7.dta,household/event roster,h702,772,772,772,0,"{""1"": 337, ""2"": 281, ""3"": 68, ""4"": 86}",2019,2019,1,[2019]
kyrgyzstan,LiK 2019,data/interim/unpacked/kyrgyzstan/dataverse_files/depth_02/LiK_2022__7c67a235/Version_2022/Household/hh7.dta,household/event roster,h703,772,543,543,229,"{""0"": 108, ""1000"": 12, ""10000"": 28, ""100000"": 10, ""15000"": 13, ""2000"": 14, ""20000"": 26, ""200000"": 5, ""2500"": 6, ""25000"": 9, ""3000"": 6, ""30000"": 11, ""4000"": 4, ""500"": 5, ""5000"": 30, ""50000"": 10, ""60000"": 4, ""8000"": 3, ""80000"": 3, ""998"": 196}",2019,2019,1,[2019]
kyrgyzstan,LiK 2019,data/interim/unpacked/kyrgyzstan/dataverse_files/depth_02/LiK_2022__7c67a235/Version_2022/Household/hh7.dta,household/event roster,h704,772,543,543,229,"{""0"": 102, ""1000"": 7, ""10000"": 28, ""100000"": 6, ""15000"": 20, ""2000"": 8, ""20000"": 30, ""200000"": 4, ""2500"": 4, ""25000"": 17, ""3000"": 5, ""30000"": 22, ""35000"": 3, ""40000"": 5, ""5000"": 18, ""50000"": 14, ""70000"": 5, ""8000"": 3, ""80000"": 4, ""998"": 196}",2019,2019,1,[2019]
kyrgyzstan,LiK 2019,data/interim/unpacked/kyrgyzstan/dataverse_files/depth_02/LiK_2022__7c67a235/Version_2022/Individual/id2.dta,individual,hhid,7043,7043,7043,0,"{""21132"": 9, ""2171"": 8, ""3111"": 8, ""3906"": 8, ""4089"": 10, ""5163"": 8, ""6128"": 9, ""6129"": 12, ""6131"": 8, ""6139"": 8, ""6140"": 8, ""6147"": 8, ""6228"": 8, ""6333"": 9, ""6386"": 9, ""6391"": 8, ""6803"": 8, ""8085"": 9, ""8198"": 8, ""8287"": 8}",2019,2019,1,[2019]
kyrgyzstan,LiK 2019,data/interim/unpacked/kyrgyzstan/dataverse_files/depth_02/LiK_2022__7c67a235/Version_2022/Individual/id2.dta,individual,pid,7043,7043,7043,0,"{""1"": 2267, ""10"": 36, ""11"": 12, ""12"": 8, ""13"": 2, ""14"": 4, ""15"": 4, ""16"": 3, ""17"": 2, ""2"": 1987, ""3"": 1160, ""4"": 721, ""5"": 354, ""6"": 220, ""7"": 135, ""8"": 81, ""9"": 47}",2019,2019,1,[2019]
kyrgyzstan,LiK 2019,data/interim/unpacked/kyrgyzstan/dataverse_files/depth_02/LiK_2022__7c67a235/Version_2022/Individual/id2.dta,individual,i251_1,7043,7043,6580,0,"{""1"": 506, ""2"": 1329, ""3"": 4745, ""88"": 235, ""99"": 228}",2019,2019,1,[2019]
kyrgyzstan,LiK 2019,data/interim/unpacked/kyrgyzstan/dataverse_files/depth_02/LiK_2022__7c67a235/Version_2022/Individual/id2.dta,individual,i251_2,7043,7043,6560,0,"{""1"": 291, ""2"": 1107, ""3"": 5162, ""88"": 221, ""99"": 262}",2019,2019,1,[2019]
kyrgyzstan,LiK 2019,data/interim/unpacked/kyrgyzstan/dataverse_files/depth_02/LiK_2022__7c67a235/Version_2022/Individual/id2.dta,individual,i251_3,7043,7043,6549,0,"{""1"": 275, ""2"": 1065, ""3"": 5209, ""88"": 216, ""99"": 278}",2019,2019,1,[2019]
kyrgyzstan,LiK 2019,data/interim/unpacked/kyrgyzstan/dataverse_files/depth_02/LiK_2022__7c67a235/Version_2022/Individual/id2.dta,individual,i251_4,7043,7043,6545,0,"{""1"": 165, ""2"": 635, ""3"": 5745, ""88"": 228, ""99"": 270}",2019,2019,1,[2019]
kyrgyzstan,LiK 2019,data/interim/unpacked/kyrgyzstan/dataverse_files/depth_02/LiK_2022__7c67a235/Version_2022/Individual/id2.dta,individual,i251_5,7043,7043,6545,0,"{""1"": 181, ""2"": 682, ""3"": 5682, ""88"": 223, ""99"": 275}",2019,2019,1,[2019]
kyrgyzstan,LiK 2019,data/interim/unpacked/kyrgyzstan/dataverse_files/depth_02/LiK_2022__7c67a235/Version_2022/Individual/id2.dta,individual,i251_6,7043,7043,6550,0,"{""1"": 184, ""2"": 602, ""3"": 5764, ""88"": 231, ""99"": 262}",2019,2019,1,[2019]
kyrgyzstan,LiK 2019,data/interim/unpacked/kyrgyzstan/dataverse_files/depth_02/LiK_2022__7c67a235/Version_2022/Individual/id2.dta,individual,i251_7,7043,7043,6513,0,"{""1"": 153, ""2"": 485, ""3"": 5875, ""88"": 240, ""99"": 290}",2019,2019,1,[2019]
kyrgyzstan,LiK 2019,data/interim/unpacked/kyrgyzstan/dataverse_files/depth_02/LiK_2022__7c67a235/Version_2022/Individual/id2.dta,individual,i251_8,7043,7043,6511,0,"{""1"": 147, ""2"": 466, ""3"": 5898, ""88"": 252, ""99"": 280}",2019,2019,1,[2019]
kyrgyzstan,LiK 2019,data/interim/unpacked/kyrgyzstan/dataverse_files/depth_02/LiK_2022__7c67a235/Version_2022/Household/hh7.dta,household (aggregate audit only),any_shock_household,2316,2316,2316,0,"{""No"": 1801, ""Yes"": 515}",2019,2019,1,[2019]
uzbekistan,L2CU 2018-2025,data/interim/unpacked/uzbekistan/l2cu_v03/l2cu_cati_household_data_82.csv,household-round,round,121618,121618,121618,0,"{""10"": 1525, ""11"": 1523, ""12"": 1521, ""15"": 1523, ""16"": 1521, ""17"": 1521, ""18"": 1522, ""19"": 1522, ""20"": 1521, ""21"": 1521, ""22"": 1520, ""3"": 1520, ""4"": 1520, ""5"": 1524, ""6"": 1524, ""7"": 1524, ""76"": 1564, ""77"": 1538, ""8"": 1523, ""9"": 1522}",1,82,82,"[1, 2, 3, 4, 5, 6, 7, 8, 9, 10, 11, 12, 13, 14, 15, 16, 17, 18, 19, 20, 21, 22, 23, 24, 25, 26, 27, 28, 29, 30, 31, 32, 33, 34, 35, 36, 37, 38, 39, 40, 41, 42, 43, 44, 45, 46, 47, 48, 49, 50, 51, 52, 53, 54, 55, 56, 57, 58, 59, 60, 61, 62, 63, 64, 65, 66, 67, 68, 69, 70, 71, 72, 73, 74, 75, 76, 77, 78, 79, 80, 81, 82]"
uzbekistan,L2CU 2018-2025,data/interim/unpacked/uzbekistan/l2cu_v03/l2cu_cati_household_data_82.csv,household-round,hhid,121618,121618,121618,0,"{""24961851"": 82, ""24992327"": 82, ""25060398"": 82, ""25271524"": 82, ""25272178"": 82, ""25329652"": 82, ""25390337"": 82, ""25434028"": 82, ""25492178"": 82, ""25517368"": 82, ""25518256"": 82, ""25617676"": 82, ""25619587"": 82, ""25737735"": 82, ""25854781"": 82, ""25856748"": 82, ""26038267"": 82, ""26061343"": 82, ""26130614"": 82, ""26398101"": 82}",1,82,82,"[1, 2, 3, 4, 5, 6, 7, 8, 9, 10, 11, 12, 13, 14, 15, 16, 17, 18, 19, 20, 21, 22, 23, 24, 25, 26, 27, 28, 29, 30, 31, 32, 33, 34, 35, 36, 37, 38, 39, 40, 41, 42, 43, 44, 45, 46, 47, 48, 49, 50, 51, 52, 53, 54, 55, 56, 57, 58, 59, 60, 61, 62, 63, 64, 65, 66, 67, 68, 69, 70, 71, 72, 73, 74, 75, 76, 77, 78, 79, 80, 81, 82]"
uzbekistan,L2CU 2018-2025,data/interim/unpacked/uzbekistan/l2cu_v03/l2cu_cati_household_data_82.csv,household-round,hhsize,121618,121618,121618,0,"{""1"": 2249, ""10"": 3248, ""11"": 1999, ""12"": 1091, ""13"": 795, ""14"": 289, ""15"": 343, ""16"": 180, ""17"": 124, ""18"": 64, ""19"": 36, ""2"": 5263, ""22"": 37, ""3"": 9874, ""4"": 19013, ""5"": 26389, ""6"": 23999, ""7"": 15356, ""8"": 6945, ""9"": 4298}",1,82,82,"[1, 2, 3, 4, 5, 6, 7, 8, 9, 10, 11, 12, 13, 14, 15, 16, 17, 18, 19, 20, 21, 22, 23, 24, 25, 26, 27, 28, 29, 30, 31, 32, 33, 34, 35, 36, 37, 38, 39, 40, 41, 42, 43, 44, 45, 46, 47, 48, 49, 50, 51, 52, 53, 54, 55, 56, 57, 58, 59, 60, 61, 62, 63, 64, 65, 66, 67, 68, 69, 70, 71, 72, 73, 74, 75, 76, 77, 78, 79, 80, 81, 82]"
uzbekistan,L2CU 2018-2025,data/interim/unpacked/uzbekistan/l2cu_v03/l2cu_cati_household_data_82.csv,household-round,date_start,121618,121618,121618,0,"{""2018-12-24"": 150, ""2019-03-16"": 133, ""2019-03-19"": 135, ""2019-08-14"": 139, ""2019-11-18"": 173, ""2020-01-17"": 138, ""2020-02-04"": 168, ""2020-03-03"": 149, ""2020-03-10"": 141, ""2020-12-03"": 157, ""2021-01-06"": 171, ""2021-03-03"": 136, ""2021-03-10"": 135, ""2021-04-13"": 139, ""2021-04-14"": 135, ""2021-07-02"": 135, ""2021-07-14"": 148, ""2023-05-08"": 136, ""2023-06-01"": 133, ""2023-07-06"": 134}",1,82,82,"[1, 2, 3, 4, 5, 6, 7, 8, 9, 10, 11, 12, 13, 14, 15, 16, 17, 18, 19, 20, 21, 22, 23, 24, 25, 26, 27, 28, 29, 30, 31, 32, 33, 34, 35, 36, 37, 38, 39, 40, 41, 42, 43, 44, 45, 46, 47, 48, 49, 50, 51, 52, 53, 54, 55, 56, 57, 58, 59, 60, 61, 62, 63, 64, 65, 66, 67, 68, 69, 70, 71, 72, 73, 74, 75, 76, 77, 78, 79, 80, 81, 82]"
uzbekistan,L2CU 2018-2025,data/interim/unpacked/uzbekistan/l2cu_v03/l2cu_cati_household_data_82.csv,household-round,date_end,121618,121618,121618,0,"{""2018-11-26"": 131, ""2018-12-24"": 149, ""2019-01-22"": 132, ""2019-03-16"": 134, ""2019-03-19"": 136, ""2019-08-14"": 138, ""2019-11-18"": 174, ""2020-01-17"": 139, ""2020-02-04"": 167, ""2020-03-03"": 147, ""2020-03-10"": 141, ""2021-03-10"": 142, ""2021-04-03"": 130, ""2021-04-13"": 138, ""2021-04-14"": 136, ""2021-07-02"": 135, ""2021-07-14"": 148, ""2023-05-08"": 136, ""2023-06-01"": 133, ""2023-07-06"": 134}",1,82,82,"[1, 2, 3, 4, 5, 6, 7, 8, 9, 10, 11, 12, 13, 14, 15, 16, 17, 18, 19, 20, 21, 22, 23, 24, 25, 26, 27, 28, 29, 30, 31, 32, 33, 34, 35, 36, 37, 38, 39, 40, 41, 42, 43, 44, 45, 46, 47, 48, 49, 50, 51, 52, 53, 54, 55, 56, 57, 58, 59, 60, 61, 62, 63, 64, 65, 66, 67, 68, 69, 70, 71, 72, 73, 74, 75, 76, 77, 78, 79, 80, 81, 82]"
uzbekistan,L2CU 2018-2025,data/interim/unpacked/uzbekistan/l2cu_v03/l2cu_cati_household_data_82.csv,household-round,popw,121618,121618,121618,0,"{""10099.35707049017"": 1, ""11188.235789844686"": 1, ""13629.255791455018"": 1, ""14330.420118217604"": 1, ""14514.17194824992"": 1, ""16281.472722412258"": 1, ""17578.230239662942"": 1, ""18283.361385902852"": 1, ""21059.157883086235"": 1, ""23107.745304440614"": 1, ""24003.50397112759"": 1, ""24232.520522623785"": 1, ""24761.756541447405"": 1, ""28082.5986792289"": 1, ""29646.512885159103"": 1, ""32715.10485806128"": 1, ""39244.02170716855"": 1, ""44314.37830934635"": 1, ""44999.379526708246"": 1, ""9961.101125875315"": 1}",1,82,82,"[1, 2, 3, 4, 5, 6, 7, 8, 9, 10, 11, 12, 13, 14, 15, 16, 17, 18, 19, 20, 21, 22, 23, 24, 25, 26, 27, 28, 29, 30, 31, 32, 33, 34, 35, 36, 37, 38, 39, 40, 41, 42, 43, 44, 45, 46, 47, 48, 49, 50, 51, 52, 53, 54, 55, 56, 57, 58, 59, 60, 61, 62, 63, 64, 65, 66, 67, 68, 69, 70, 71, 72, 73, 74, 75, 76, 77, 78, 79, 80, 81, 82]"
uzbekistan,L2CU 2018-2025,data/interim/unpacked/uzbekistan/l2cu_v03/l2cu_cati_household_data_82.csv,household-round,water_disruption,121618,121618,121618,0,"{""No"": 116039, ""Yes"": 5579}",1,82,82,"[1, 2, 3, 4, 5, 6, 7, 8, 9, 10, 11, 12, 13, 14, 15, 16, 17, 18, 19, 20, 21, 22, 23, 24, 25, 26, 27, 28, 29, 30, 31, 32, 33, 34, 35, 36, 37, 38, 39, 40, 41, 42, 43, 44, 45, 46, 47, 48, 49, 50, 51, 52, 53, 54, 55, 56, 57, 58, 59, 60, 61, 62, 63, 64, 65, 66, 67, 68, 69, 70, 71, 72, 73, 74, 75, 76, 77, 78, 79, 80, 81, 82]"
uzbekistan,L2CU 2018-2025,data/interim/unpacked/uzbekistan/l2cu_v03/l2cu_cati_household_data_82.csv,household-round,gas_disruption,121618,45478,45478,76140,"{""No"": 44575, ""Yes"": 903}",19,82,64,"[19, 20, 21, 22, 23, 24, 25, 26, 27, 28, 29, 30, 31, 32, 33, 34, 35, 36, 37, 38, 39, 40, 41, 42, 43, 44, 45, 46, 47, 48, 49, 50, 51, 52, 53, 54, 55, 56, 57, 58, 59, 60, 61, 62, 63, 64, 65, 66, 67, 68, 69, 70, 71, 72, 73, 74, 75, 76, 77, 78, 79, 80, 81, 82]"
uzbekistan,L2CU 2018-2025,data/interim/unpacked/uzbekistan/l2cu_v03/l2cu_cati_household_data_82.csv,household-round,heat_disruption,121618,41767,41767,79851,"{""No"": 37313, ""Yes"": 4454}",1,82,77,"[1, 2, 3, 4, 5, 6, 7, 8, 9, 10, 11, 12, 14, 15, 16, 17, 18, 19, 20, 21, 22, 23, 24, 25, 26, 27, 28, 29, 30, 31, 32, 33, 34, 35, 36, 37, 38, 39, 40, 41, 42, 43, 44, 45, 46, 47, 48, 49, 50, 51, 52, 53, 54, 55, 56, 57, 58, 59, 60, 61, 62, 63, 64, 65, 66, 67, 68, 69, 74, 75, 76, 77, 78, 79, 80, 81, 82]"
uzbekistan,L2CU 2018-2025,data/interim/unpacked/uzbekistan/l2cu_v03/l2cu_cati_household_data_82.csv,household-round,change_important,121618,121616,121616,2,"{""No"": 119343, ""Yes"": 2273}",1,82,82,"[1, 2, 3, 4, 5, 6, 7, 8, 9, 10, 11, 12, 13, 14, 15, 16, 17, 18, 19, 20, 21, 22, 23, 24, 25, 26, 27, 28, 29, 30, 31, 32, 33, 34, 35, 36, 37, 38, 39, 40, 41, 42, 43, 44, 45, 46, 47, 48, 49, 50, 51, 52, 53, 54, 55, 56, 57, 58, 59, 60, 61, 62, 63, 64, 65, 66, 67, 68, 69, 70, 71, 72, 73, 74, 75, 76, 77, 78, 79, 80, 81, 82]"
uzbekistan,L2CU 2018-2025,data/interim/unpacked/uzbekistan/l2cu_v03/l2cu_cati_household_data_82.csv,household-round,change_important_type,121618,2273,2273,119345,"{""Arrest"": 6, ""Birth"": 474, ""Death"": 230, ""Major illness"": 944, ""Major injury"": 181, ""Marriage"": 438}",1,82,82,"[1, 2, 3, 4, 5, 6, 7, 8, 9, 10, 11, 12, 13, 14, 15, 16, 17, 18, 19, 20, 21, 22, 23, 24, 25, 26, 27, 28, 29, 30, 31, 32, 33, 34, 35, 36, 37, 38, 39, 40, 41, 42, 43, 44, 45, 46, 47, 48, 49, 50, 51, 52, 53, 54, 55, 56, 57, 58, 59, 60, 61, 62, 63, 64, 65, 66, 67, 68, 69, 70, 71, 72, 73, 74, 75, 76, 77, 78, 79, 80, 81, 82]"
uzbekistan,L2CU 2018-2025,data/interim/unpacked/uzbekistan/l2cu_v03/l2cu_cati_household_data_82.csv,household-round,finance_30d_ago,121618,121618,121618,0,"{""Better than before"": 25820, ""Much better than before"": 341, ""Much worse than before"": 107, ""The same as before"": 87616, ""Worse than before"": 7734}",1,82,82,"[1, 2, 3, 4, 5, 6, 7, 8, 9, 10, 11, 12, 13, 14, 15, 16, 17, 18, 19, 20, 21, 22, 23, 24, 25, 26, 27, 28, 29, 30, 31, 32, 33, 34, 35, 36, 37, 38, 39, 40, 41, 42, 43, 44, 45, 46, 47, 48, 49, 50, 51, 52, 53, 54, 55, 56, 57, 58, 59, 60, 61, 62, 63, 64, 65, 66, 67, 68, 69, 70, 71, 72, 73, 74, 75, 76, 77, 78, 79, 80, 81, 82]"
uzbekistan,L2CU 2018-2025,data/interim/unpacked/uzbekistan/l2cu_v03/l2cu_cati_household_data_82.csv,household-round,food_past30d,121618,121618,121618,0,"{""No"": 16123, ""Yes"": 105495}",1,82,82,"[1, 2, 3, 4, 5, 6, 7, 8, 9, 10, 11, 12, 13, 14, 15, 16, 17, 18, 19, 20, 21, 22, 23, 24, 25, 26, 27, 28, 29, 30, 31, 32, 33, 34, 35, 36, 37, 38, 39, 40, 41, 42, 43, 44, 45, 46, 47, 48, 49, 50, 51, 52, 53, 54, 55, 56, 57, 58, 59, 60, 61, 62, 63, 64, 65, 66, 67, 68, 69, 70, 71, 72, 73, 74, 75, 76, 77, 78, 79, 80, 81, 82]"
uzbekistan,L2CU 2018-2025,data/interim/unpacked/uzbekistan/l2cu_v03/l2cu_cati_household_data_82.csv,household-round,assets_past30d,121618,121618,121618,0,"{""No"": 119295, ""Yes"": 2323}",1,82,82,"[1, 2, 3, 4, 5, 6, 7, 8, 9, 10, 11, 12, 13, 14, 15, 16, 17, 18, 19, 20, 21, 22, 23, 24, 25, 26, 27, 28, 29, 30, 31, 32, 33, 34, 35, 36, 37, 38, 39, 40, 41, 42, 43, 44, 45, 46, 47, 48, 49, 50, 51, 52, 53, 54, 55, 56, 57, 58, 59, 60, 61, 62, 63, 64, 65, 66, 67, 68, 69, 70, 71, 72, 73, 74, 75, 76, 77, 78, 79, 80, 81, 82]"
uzbekistan,L2CU 2018-2025,data/interim/unpacked/uzbekistan/l2cu_v03/l2cu_cati_household_data_82.csv,household-round,consumption_past30d,121618,121618,121618,0,"{""No"": 109417, ""Yes"": 12201}",1,82,82,"[1, 2, 3, 4, 5, 6, 7, 8, 9, 10, 11, 12, 13, 14, 15, 16, 17, 18, 19, 20, 21, 22, 23, 24, 25, 26, 27, 28, 29, 30, 31, 32, 33, 34, 35, 36, 37, 38, 39, 40, 41, 42, 43, 44, 45, 46, 47, 48, 49, 50, 51, 52, 53, 54, 55, 56, 57, 58, 59, 60, 61, 62, 63, 64, 65, 66, 67, 68, 69, 70, 71, 72, 73, 74, 75, 76, 77, 78, 79, 80, 81, 82]"
uzbekistan,L2CU 2018-2025,data/interim/unpacked/uzbekistan/l2cu_v03/l2cu_cati_household_data_82.csv,household-round,medical_past30d,121618,121618,121618,0,"{""No"": 106892, ""Yes"": 14726}",1,82,82,"[1, 2, 3, 4, 5, 6, 7, 8, 9, 10, 11, 12, 13, 14, 15, 16, 17, 18, 19, 20, 21, 22, 23, 24, 25, 26, 27, 28, 29, 30, 31, 32, 33, 34, 35, 36, 37, 38, 39, 40, 41, 42, 43, 44, 45, 46, 47, 48, 49, 50, 51, 52, 53, 54, 55, 56, 57, 58, 59, 60, 61, 62, 63, 64, 65, 66, 67, 68, 69, 70, 71, 72, 73, 74, 75, 76, 77, 78, 79, 80, 81, 82]"
uzbekistan,L2CU 2018-2025,data/interim/unpacked/uzbekistan/l2cu_v03/l2cu_cati_household_data_82.csv,household-round,healthcare_past30d,121618,14726,14726,106892,"{""No"": 9753, ""Yes"": 4973}",1,82,82,"[1, 2, 3, 4, 5, 6, 7, 8, 9, 10, 11, 12, 13, 14, 15, 16, 17, 18, 19, 20, 21, 22, 23, 24, 25, 26, 27, 28, 29, 30, 31, 32, 33, 34, 35, 36, 37, 38, 39, 40, 41, 42, 43, 44, 45, 46, 47, 48, 49, 50, 51, 52, 53, 54, 55, 56, 57, 58, 59, 60, 61, 62, 63, 64, 65, 66, 67, 68, 69, 70, 71, 72, 73, 74, 75, 76, 77, 78, 79, 80, 81, 82]"
uzbekistan,L2CU 2018-2025,data/interim/unpacked/uzbekistan/l2cu_v03/l2cu_cati_household_data_82.csv,household-round,sick_past30d,121618,121618,121618,0,"{""No"": 106505, ""Yes"": 15113}",1,82,82,"[1, 2, 3, 4, 5, 6, 7, 8, 9, 10, 11, 12, 13, 14, 15, 16, 17, 18, 19, 20, 21, 22, 23, 24, 25, 26, 27, 28, 29, 30, 31, 32, 33, 34, 35, 36, 37, 38, 39, 40, 41, 42, 43, 44, 45, 46, 47, 48, 49, 50, 51, 52, 53, 54, 55, 56, 57, 58, 59, 60, 61, 62, 63, 64, 65, 66, 67, 68, 69, 70, 71, 72, 73, 74, 75, 76, 77, 78, 79, 80, 81, 82]"
uzbekistan,L2CU 2018-2025,data/interim/unpacked/uzbekistan/l2cu_v03/l2cu_cati_household_data_82.csv,household-round,economic_condition,121618,121618,121618,0,"{""Bad"": 13021, ""Good"": 106371, ""Very bad"": 1641, ""Very good"": 585}",1,82,82,"[1, 2, 3, 4, 5, 6, 7, 8, 9, 10, 11, 12, 13, 14, 15, 16, 17, 18, 19, 20, 21, 22, 23, 24, 25, 26, 27, 28, 29, 30, 31, 32, 33, 34, 35, 36, 37, 38, 39, 40, 41, 42, 43, 44, 45, 46, 47, 48, 49, 50, 51, 52, 53, 54, 55, 56, 57, 58, 59, 60, 61, 62, 63, 64, 65, 66, 67, 68, 69, 70, 71, 72, 73, 74, 75, 76, 77, 78, 79, 80, 81, 82]"
uzbekistan,L2CU 2018-2025,data/interim/unpacked/uzbekistan/l2cu_v03/l2cu_cati_household_data_82.csv,household-round,economic_challenge,121618,121618,121618,0,"{""1"": 8439, ""1 2"": 6448, ""1 2 4"": 38818, ""1 2 5"": 838, ""1 2 6"": 1511, ""1 4"": 1297, ""2"": 15155, ""2 1"": 9044, ""2 1 4"": 1541, ""2 4"": 7611, ""2 4 5"": 1450, ""2 4 6"": 1261, ""2 5"": 686, ""2 6"": 459, ""3 1"": 498, ""4"": 1985, ""4 2"": 514, ""4 2 1"": 653, ""6"": 883, ""96"": 14854}",1,82,82,"[1, 2, 3, 4, 5, 6, 7, 8, 9, 10, 11, 12, 13, 14, 15, 16, 17, 18, 19, 20, 21, 22, 23, 24, 25, 26, 27, 28, 29, 30, 31, 32, 33, 34, 35, 36, 37, 38, 39, 40, 41, 42, 43, 44, 45, 46, 47, 48, 49, 50, 51, 52, 53, 54, 55, 56, 57, 58, 59, 60, 61, 62, 63, 64, 65, 66, 67, 68, 69, 70, 71, 72, 73, 74, 75, 76, 77, 78, 79, 80, 81, 82]"
uzbekistan,L2CU 2018-2025,data/interim/unpacked/uzbekistan/l2cu_v03/l2cu_cati_household_data_82.csv,household-round,wage_past30d,121618,121618,121618,0,"{""No"": 63381, ""Yes"": 58237}",1,82,82,"[1, 2, 3, 4, 5, 6, 7, 8, 9, 10, 11, 12, 13, 14, 15, 16, 17, 18, 19, 20, 21, 22, 23, 24, 25, 26, 27, 28, 29, 30, 31, 32, 33, 34, 35, 36, 37, 38, 39, 40, 41, 42, 43, 44, 45, 46, 47, 48, 49, 50, 51, 52, 53, 54, 55, 56, 57, 58, 59, 60, 61, 62, 63, 64, 65, 66, 67, 68, 69, 70, 71, 72, 73, 74, 75, 76, 77, 78, 79, 80, 81, 82]"
uzbekistan,L2CU 2018-2025,data/interim/unpacked/uzbekistan/l2cu_v03/l2cu_cati_household_data_82.csv,household-round,wage_amount,121618,58237,58237,63381,"{""1000000"": 3359, ""1200000"": 2072, ""1300000"": 826, ""1500000"": 4001, ""1800000"": 1154, ""2000000"": 4736, ""2500000"": 2990, ""3000000"": 4007, ""3500000"": 2014, ""4000000"": 2645, ""4500000"": 1136, ""500000"": 1006, ""5000000"": 2418, ""600000"": 1161, ""6000000"": 1633, ""700000"": 1027, ""7000000"": 957, ""800000"": 1726, ""8000000"": 878, ""900000"": 839}",1,82,82,"[1, 2, 3, 4, 5, 6, 7, 8, 9, 10, 11, 12, 13, 14, 15, 16, 17, 18, 19, 20, 21, 22, 23, 24, 25, 26, 27, 28, 29, 30, 31, 32, 33, 34, 35, 36, 37, 38, 39, 40, 41, 42, 43, 44, 45, 46, 47, 48, 49, 50, 51, 52, 53, 54, 55, 56, 57, 58, 59, 60, 61, 62, 63, 64, 65, 66, 67, 68, 69, 70, 71, 72, 73, 74, 75, 76, 77, 78, 79, 80, 81, 82]"
uzbekistan,L2CU 2018-2025,data/interim/unpacked/uzbekistan/l2cu_v03/l2cu_cati_household_data_82.csv,household-round,aginc_past30d,121618,121618,121618,0,"{""No"": 113713, ""Yes"": 7905}",1,82,82,"[1, 2, 3, 4, 5, 6, 7, 8, 9, 10, 11, 12, 13, 14, 15, 16, 17, 18, 19, 20, 21, 22, 23, 24, 25, 26, 27, 28, 29, 30, 31, 32, 33, 34, 35, 36, 37, 38, 39, 40, 41, 42, 43, 44, 45, 46, 47, 48, 49, 50, 51, 52, 53, 54, 55, 56, 57, 58, 59, 60, 61, 62, 63, 64, 65, 66, 67, 68, 69, 70, 71, 72, 73, 74, 75, 76, 77, 78, 79, 80, 81, 82]"
uzbekistan,L2CU 2018-2025,data/interim/unpacked/uzbekistan/l2cu_v03/l2cu_cati_household_data_82.csv,household-round,aginc_amount,121618,7905,7905,113713,"{""100000"": 56, ""1000000"": 1424, ""10000000"": 172, ""1200000"": 171, ""1500000"": 477, ""200000"": 199, ""2000000"": 1094, ""2500000"": 166, ""300000"": 214, ""3000000"": 498, ""400000"": 193, ""4000000"": 214, ""500000"": 1099, ""5000000"": 303, ""600000"": 252, ""6000000"": 174, ""700000"": 84, ""7000000"": 67, ""800000"": 179, ""8000000"": 69}",1,82,82,"[1, 2, 3, 4, 5, 6, 7, 8, 9, 10, 11, 12, 13, 14, 15, 16, 17, 18, 19, 20, 21, 22, 23, 24, 25, 26, 27, 28, 29, 30, 31, 32, 33, 34, 35, 36, 37, 38, 39, 40, 41, 42, 43, 44, 45, 46, 47, 48, 49, 50, 51, 52, 53, 54, 55, 56, 57, 58, 59, 60, 61, 62, 63, 64, 65, 66, 67, 68, 69, 70, 71, 72, 73, 74, 75, 76, 77, 78, 79, 80, 81, 82]"
uzbekistan,L2CU 2018-2025,data/interim/unpacked/uzbekistan/l2cu_v03/l2cu_cati_household_data_82.csv,household-round,selfempinc_past30d,121618,121618,121618,0,"{""No"": 74596, ""Yes"": 47022}",1,82,82,"[1, 2, 3, 4, 5, 6, 7, 8, 9, 10, 11, 12, 13, 14, 15, 16, 17, 18, 19, 20, 21, 22, 23, 24, 25, 26, 27, 28, 29, 30, 31, 32, 33, 34, 35, 36, 37, 38, 39, 40, 41, 42, 43, 44, 45, 46, 47, 48, 49, 50, 51, 52, 53, 54, 55, 56, 57, 58, 59, 60, 61, 62, 63, 64, 65, 66, 67, 68, 69, 70, 71, 72, 73, 74, 75, 76, 77, 78, 79, 80, 81, 82]"
uzbekistan,L2CU 2018-2025,data/interim/unpacked/uzbekistan/l2cu_v03/l2cu_cati_household_data_82.csv,household-round,selfempinc_amount,121618,47022,46954,74596,"{""1000000"": 6575, ""1200000"": 799, ""1500000"": 5131, ""200000"": 560, ""2000000"": 6627, ""2500000"": 2098, ""300000"": 1126, ""3000000"": 4405, ""3500000"": 775, ""400000"": 1170, ""4000000"": 2188, ""4500000"": 273, ""500000"": 3247, ""5000000"": 1798, ""600000"": 2039, ""6000000"": 950, ""700000"": 972, ""7000000"": 269, ""800000"": 2075, ""900000"": 283}",1,82,82,"[1, 2, 3, 4, 5, 6, 7, 8, 9, 10, 11, 12, 13, 14, 15, 16, 17, 18, 19, 20, 21, 22, 23, 24, 25, 26, 27, 28, 29, 30, 31, 32, 33, 34, 35, 36, 37, 38, 39, 40, 41, 42, 43, 44, 45, 46, 47, 48, 49, 50, 51, 52, 53, 54, 55, 56, 57, 58, 59, 60, 61, 62, 63, 64, 65, 66, 67, 68, 69, 70, 71, 72, 73, 74, 75, 76, 77, 78, 79, 80, 81, 82]"
uzbekistan,L2CU 2018-2025,data/interim/unpacked/uzbekistan/l2cu_v03/l2cu_cati_household_data_82.csv,household-round,otherinc_past30d,121618,121618,121618,0,"{""No"": 119167, ""Yes"": 2451}",1,82,82,"[1, 2, 3, 4, 5, 6, 7, 8, 9, 10, 11, 12, 13, 14, 15, 16, 17, 18, 19, 20, 21, 22, 23, 24, 25, 26, 27, 28, 29, 30, 31, 32, 33, 34, 35, 36, 37, 38, 39, 40, 41, 42, 43, 44, 45, 46, 47, 48, 49, 50, 51, 52, 53, 54, 55, 56, 57, 58, 59, 60, 61, 62, 63, 64, 65, 66, 67, 68, 69, 70, 71, 72, 73, 74, 75, 76, 77, 78, 79, 80, 81, 82]"
uzbekistan,L2CU 2018-2025,data/interim/unpacked/uzbekistan/l2cu_v03/l2cu_cati_household_data_82.csv,household-round,otherinc_amount,121618,2451,2448,119167,"{""100000"": 39, ""1000000"": 251, ""10000000"": 16, ""1200000"": 46, ""150000"": 41, ""1500000"": 141, ""200000"": 111, ""2000000"": 178, ""2500000"": 40, ""300000"": 154, ""3000000"": 110, ""400000"": 123, ""4000000"": 35, ""500000"": 279, ""5000000"": 37, ""600000"": 123, ""6000000"": 30, ""700000"": 41, ""800000"": 74, ""900000"": 21}",1,82,82,"[1, 2, 3, 4, 5, 6, 7, 8, 9, 10, 11, 12, 13, 14, 15, 16, 17, 18, 19, 20, 21, 22, 23, 24, 25, 26, 27, 28, 29, 30, 31, 32, 33, 34, 35, 36, 37, 38, 39, 40, 41, 42, 43, 44, 45, 46, 47, 48, 49, 50, 51, 52, 53, 54, 55, 56, 57, 58, 59, 60, 61, 62, 63, 64, 65, 66, 67, 68, 69, 70, 71, 72, 73, 74, 75, 76, 77, 78, 79, 80, 81, 82]"
uzbekistan,L2CU 2018-2025,data/interim/unpacked/uzbekistan/l2cu_v03/l2cu_cati_household_data_82.csv,household-round,ln_1,121618,48925,48925,72693,"{""No"": 37170, ""Yes"": 11755}",49,82,34,"[49, 50, 51, 52, 53, 54, 55, 56, 57, 58, 59, 60, 61, 62, 63, 64, 65, 66, 67, 68, 69, 70, 71, 72, 73, 74, 75, 76, 77, 78, 79, 80, 81, 82]"
uzbekistan,L2CU 2018-2025,data/interim/unpacked/uzbekistan/l2cu_v03/l2cu_cati_household_data_82.csv,household-round,ln_2,121618,48925,48925,72693,"{""No"": 41739, ""Yes"": 7186}",49,82,34,"[49, 50, 51, 52, 53, 54, 55, 56, 57, 58, 59, 60, 61, 62, 63, 64, 65, 66, 67, 68, 69, 70, 71, 72, 73, 74, 75, 76, 77, 78, 79, 80, 81, 82]"
uzbekistan,L2CU 2018-2025,data/interim/unpacked/uzbekistan/l2cu_v03/l2cu_cati_household_data_82.csv,household-round,ln_3,121618,48925,48925,72693,"{""No"": 42949, ""Yes"": 5976}",49,82,34,"[49, 50, 51, 52, 53, 54, 55, 56, 57, 58, 59, 60, 61, 62, 63, 64, 65, 66, 67, 68, 69, 70, 71, 72, 73, 74, 75, 76, 77, 78, 79, 80, 81, 82]"
uzbekistan,L2CU 2018-2025,data/interim/unpacked/uzbekistan/l2cu_v03/l2cu_cati_household_data_82.csv,household-round,ln_4,121618,48925,48925,72693,"{""No"": 46231, ""Yes"": 2694}",49,82,34,"[49, 50, 51, 52, 53, 54, 55, 56, 57, 58, 59, 60, 61, 62, 63, 64, 65, 66, 67, 68, 69, 70, 71, 72, 73, 74, 75, 76, 77, 78, 79, 80, 81, 82]"
uzbekistan,L2CU 2018-2025,data/interim/unpacked/uzbekistan/l2cu_v03/l2cu_cati_household_data_82.csv,household-round,ln_5,121618,48925,48925,72693,"{""No"": 45847, ""Yes"": 3078}",49,82,34,"[49, 50, 51, 52, 53, 54, 55, 56, 57, 58, 59, 60, 61, 62, 63, 64, 65, 66, 67, 68, 69, 70, 71, 72, 73, 74, 75, 76, 77, 78, 79, 80, 81, 82]"
uzbekistan,L2CU 2018-2025,data/interim/unpacked/uzbekistan/l2cu_v03/l2cu_cati_household_data_82.csv,household-round,ln_6,121618,48925,48925,72693,"{""No"": 44745, ""Yes"": 4180}",49,82,34,"[49, 50, 51, 52, 53, 54, 55, 56, 57, 58, 59, 60, 61, 62, 63, 64, 65, 66, 67, 68, 69, 70, 71, 72, 73, 74, 75, 76, 77, 78, 79, 80, 81, 82]"
uzbekistan,L2CU 2018-2025,data/interim/unpacked/uzbekistan/l2cu_v03/l2cu_cati_household_data_82.csv,household-round,ln_7,121618,48925,48925,72693,"{""No"": 48436, ""Yes"": 489}",49,82,34,"[49, 50, 51, 52, 53, 54, 55, 56, 57, 58, 59, 60, 61, 62, 63, 64, 65, 66, 67, 68, 69, 70, 71, 72, 73, 74, 75, 76, 77, 78, 79, 80, 81, 82]"
uzbekistan,L2CU 2018-2025,data/interim/unpacked/uzbekistan/l2cu_v03/l2cu_cati_household_data_82.csv,household-round,ln_8,121618,48925,48925,72693,"{""No"": 48505, ""Yes"": 420}",49,82,34,"[49, 50, 51, 52, 53, 54, 55, 56, 57, 58, 59, 60, 61, 62, 63, 64, 65, 66, 67, 68, 69, 70, 71, 72, 73, 74, 75, 76, 77, 78, 79, 80, 81, 82]"
uzbekistan,L2CU 2018-2025,data/interim/unpacked/uzbekistan/l2cu_v03/l2cu_cati_individual_data_82.csv,individual/migrant roster,round,635150,635150,635150,0,"{""10"": 7995, ""11"": 7986, ""12"": 7986, ""14"": 7987, ""15"": 8015, ""16"": 8010, ""17"": 8013, ""18"": 8003, ""19"": 7988, ""20"": 7980, ""23"": 7979, ""24"": 7989, ""25"": 8003, ""26"": 8023, ""3"": 7988, ""4"": 7990, ""76"": 8340, ""77"": 8121, ""78"": 8012, ""8"": 7981}",1,82,82,"[1, 2, 3, 4, 5, 6, 7, 8, 9, 10, 11, 12, 13, 14, 15, 16, 17, 18, 19, 20, 21, 22, 23, 24, 25, 26, 27, 28, 29, 30, 31, 32, 33, 34, 35, 36, 37, 38, 39, 40, 41, 42, 43, 44, 45, 46, 47, 48, 49, 50, 51, 52, 53, 54, 55, 56, 57, 58, 59, 60, 61, 62, 63, 64, 65, 66, 67, 68, 69, 70, 71, 72, 73, 74, 75, 76, 77, 78, 79, 80, 81, 82]"
uzbekistan,L2CU 2018-2025,data/interim/unpacked/uzbekistan/l2cu_v03/l2cu_cati_individual_data_82.csv,individual/migrant roster,hhid,635150,635150,635150,0,"{""25246651"": 962, ""25307075"": 1099, ""25486959"": 994, ""25582394"": 1372, ""25595861"": 1186, ""25606654"": 1078, ""25686291"": 984, ""25713558"": 967, ""25720841"": 971, ""25792420"": 932, ""25792436"": 1055, ""25821870"": 1094, ""25828352"": 1171, ""25863705"": 1096, ""25896109"": 1020, ""25908404"": 940, ""26038773"": 1140, ""26089491"": 961, ""26224044"": 1002, ""26282821"": 1250}",1,82,82,"[1, 2, 3, 4, 5, 6, 7, 8, 9, 10, 11, 12, 13, 14, 15, 16, 17, 18, 19, 20, 21, 22, 23, 24, 25, 26, 27, 28, 29, 30, 31, 32, 33, 34, 35, 36, 37, 38, 39, 40, 41, 42, 43, 44, 45, 46, 47, 48, 49, 50, 51, 52, 53, 54, 55, 56, 57, 58, 59, 60, 61, 62, 63, 64, 65, 66, 67, 68, 69, 70, 71, 72, 73, 74, 75, 76, 77, 78, 79, 80, 81, 82]"
uzbekistan,L2CU 2018-2025,data/interim/unpacked/uzbekistan/l2cu_v03/l2cu_cati_individual_data_82.csv,individual/migrant roster,fmid,635150,635150,635150,0,"{""1"": 107117, ""10"": 10519, ""11"": 7770, ""12"": 4902, ""13"": 2893, ""14"": 1951, ""15"": 1390, ""16"": 941, ""17"": 535, ""18"": 358, ""19"": 261, ""2"": 99366, ""20"": 228, ""3"": 94395, ""4"": 89627, ""5"": 77925, ""6"": 58129, ""7"": 37375, ""8"": 23393, ""9"": 15656}",1,82,82,"[1, 2, 3, 4, 5, 6, 7, 8, 9, 10, 11, 12, 13, 14, 15, 16, 17, 18, 19, 20, 21, 22, 23, 24, 25, 26, 27, 28, 29, 30, 31, 32, 33, 34, 35, 36, 37, 38, 39, 40, 41, 42, 43, 44, 45, 46, 47, 48, 49, 50, 51, 52, 53, 54, 55, 56, 57, 58, 59, 60, 61, 62, 63, 64, 65, 66, 67, 68, 69, 70, 71, 72, 73, 74, 75, 76, 77, 78, 79, 80, 81, 82]"
uzbekistan,L2CU 2018-2025,data/interim/unpacked/uzbekistan/l2cu_v03/l2cu_cati_individual_data_82.csv,individual/migrant roster,mig_living_hh,635150,635150,635150,0,"{""No"": 532410, ""Yes"": 102740}",1,82,82,"[1, 2, 3, 4, 5, 6, 7, 8, 9, 10, 11, 12, 13, 14, 15, 16, 17, 18, 19, 20, 21, 22, 23, 24, 25, 26, 27, 28, 29, 30, 31, 32, 33, 34, 35, 36, 37, 38, 39, 40, 41, 42, 43, 44, 45, 46, 47, 48, 49, 50, 51, 52, 53, 54, 55, 56, 57, 58, 59, 60, 61, 62, 63, 64, 65, 66, 67, 68, 69, 70, 71, 72, 73, 74, 75, 76, 77, 78, 79, 80, 81, 82]"
uzbekistan,L2CU 2018-2025,data/interim/unpacked/uzbekistan/l2cu_v03/l2cu_cati_individual_data_82.csv,individual/migrant roster,mig_living_remittance,635150,20078,20078,615072,"{""No"": 11982, ""Yes"": 8096}",1,82,82,"[1, 2, 3, 4, 5, 6, 7, 8, 9, 10, 11, 12, 13, 14, 15, 16, 17, 18, 19, 20, 21, 22, 23, 24, 25, 26, 27, 28, 29, 30, 31, 32, 33, 34, 35, 36, 37, 38, 39, 40, 41, 42, 43, 44, 45, 46, 47, 48, 49, 50, 51, 52, 53, 54, 55, 56, 57, 58, 59, 60, 61, 62, 63, 64, 65, 66, 67, 68, 69, 70, 71, 72, 73, 74, 75, 76, 77, 78, 79, 80, 81, 82]"
uzbekistan,L2CU 2018-2025,data/interim/unpacked/uzbekistan/l2cu_v03/l2cu_cati_individual_data_82.csv,individual/migrant roster,mig_living_remittance_amount,635150,8096,8095,627054,"{""100"": 1089, ""1000"": 156, ""1000000"": 129, ""150"": 173, ""1500"": 54, ""1500000"": 51, ""200"": 1479, ""2000000"": 269, ""250"": 122, ""300"": 1189, ""3000000"": 152, ""350"": 63, ""400"": 758, ""4000000"": 73, ""50"": 104, ""500"": 1024, ""5000000"": 65, ""600"": 213, ""700"": 94, ""800"": 88}",1,82,82,"[1, 2, 3, 4, 5, 6, 7, 8, 9, 10, 11, 12, 13, 14, 15, 16, 17, 18, 19, 20, 21, 22, 23, 24, 25, 26, 27, 28, 29, 30, 31, 32, 33, 34, 35, 36, 37, 38, 39, 40, 41, 42, 43, 44, 45, 46, 47, 48, 49, 50, 51, 52, 53, 54, 55, 56, 57, 58, 59, 60, 61, 62, 63, 64, 65, 66, 67, 68, 69, 70, 71, 72, 73, 74, 75, 76, 77, 78, 79, 80, 81, 82]"
uzbekistan,L2CU 2018-2025,data/interim/unpacked/uzbekistan/l2cu_v03/l2cu_cati_individual_data_82.csv,individual/migrant roster,mig_living_remittance_currency,635150,8096,8096,627054,"{""Dollar"": 6809, ""Other"": 2, ""Ruble"": 42, ""Tenge"": 69, ""Uzbek soum"": 1174}",1,82,82,"[1, 2, 3, 4, 5, 6, 7, 8, 9, 10, 11, 12, 13, 14, 15, 16, 17, 18, 19, 20, 21, 22, 23, 24, 25, 26, 27, 28, 29, 30, 31, 32, 33, 34, 35, 36, 37, 38, 39, 40, 41, 42, 43, 44, 45, 46, 47, 48, 49, 50, 51, 52, 53, 54, 55, 56, 57, 58, 59, 60, 61, 62, 63, 64, 65, 66, 67, 68, 69, 70, 71, 72, 73, 74, 75, 76, 77, 78, 79, 80, 81, 82]"
uzbekistan,L2CU 2018-2025,data/interim/unpacked/uzbekistan/l2cu_v03/l2cu_cati_individual_data_82.csv,individual/migrant roster,remittance_hh,635150,635150,635150,0,"{""No"": 634714, ""Yes"": 436}",1,82,82,"[1, 2, 3, 4, 5, 6, 7, 8, 9, 10, 11, 12, 13, 14, 15, 16, 17, 18, 19, 20, 21, 22, 23, 24, 25, 26, 27, 28, 29, 30, 31, 32, 33, 34, 35, 36, 37, 38, 39, 40, 41, 42, 43, 44, 45, 46, 47, 48, 49, 50, 51, 52, 53, 54, 55, 56, 57, 58, 59, 60, 61, 62, 63, 64, 65, 66, 67, 68, 69, 70, 71, 72, 73, 74, 75, 76, 77, 78, 79, 80, 81, 82]"
uzbekistan,L2CU 2018-2025,data/interim/unpacked/uzbekistan/l2cu_v03/l2cu_cati_individual_data_82.csv,individual/migrant roster,remittance_hh_amount,635150,436,421,634714,"{""0"": 15, ""100"": 104, ""1000"": 29, ""100000"": 5, ""12000"": 5, ""150"": 32, ""174000"": 5, ""200"": 64, ""2000"": 5, ""300"": 38, ""3000"": 10, ""400"": 16, ""4600000"": 5, ""50"": 14, ""500"": 40, ""5000000"": 6, ""600"": 4, ""6000000"": 5, ""700000"": 5, ""800"": 10}",1,81,30,"[1, 2, 3, 4, 5, 6, 7, 15, 21, 23, 25, 26, 28, 29, 33, 40, 42, 43, 48, 49, 52, 58, 66, 67, 71, 76, 78, 79, 80, 81]"
uzbekistan,L2CU 2018-2025,data/interim/unpacked/uzbekistan/l2cu_v03/l2cu_cati_individual_data_82.csv,individual/migrant roster,remittance_hh_currency,635150,436,436,634714,"{""Dollar"": 397, ""Uzbek soum"": 39}",1,81,30,"[1, 2, 3, 4, 5, 6, 7, 15, 21, 23, 25, 26, 28, 29, 33, 40, 42, 43, 48, 49, 52, 58, 66, 67, 71, 76, 78, 79, 80, 81]"
uzbekistan,L2CU 2018-2025,data/interim/unpacked/uzbekistan/l2cu_v03/l2cu_cati_individual_data_82.csv,individual/migrant roster,work_lost_hh,635150,635150,635150,0,"{""No"": 623582, ""Yes"": 11568}",1,82,82,"[1, 2, 3, 4, 5, 6, 7, 8, 9, 10, 11, 12, 13, 14, 15, 16, 17, 18, 19, 20, 21, 22, 23, 24, 25, 26, 27, 28, 29, 30, 31, 32, 33, 34, 35, 36, 37, 38, 39, 40, 41, 42, 43, 44, 45, 46, 47, 48, 49, 50, 51, 52, 53, 54, 55, 56, 57, 58, 59, 60, 61, 62, 63, 64, 65, 66, 67, 68, 69, 70, 71, 72, 73, 74, 75, 76, 77, 78, 79, 80, 81, 82]"
